# lema	upos	ref	nota
# ref: lila:N (lema) | lilah:N (hipolema) | - (no enlazar). upos "*" = cualquier POS.
# Ejemplo:
# Salas	PROPN	-	autor moderno: va al listPerson
dico	VERB	lila:99302	dicere "decir" (3.ª conj.), no dicare "dedicar" (99301)
uero	PART	lilah:111474	vero adv. (hipolema de verus); PART en UD
totus	DET	lila:128484	tōtus 'todo, entero' (gen. totius); no tŏtus 'tan grande' (129429)
ergo	ADV	lila:101415	ergo: particle en LiLa
unus	NUM	lila:85636	unus: determiner en LiLa
is	PRON	lila:109083	is: determiner en LiLa
autem	PART	lila:90828	autem: coordinating_conjunction en LiLa
deus	NOUN	lila:99132	entrada completa (masc., 2.ª decl.); 47152 es mínima
latitudo	NOUN	lila:110033	lātitudo 'anchura'; no lătitudo (110058)
tres	NUM	lila:128764	entrada completa; 134629 es mínima
an	ADV	lila:88829	an 'si (acaso)': pregunta indirecta (Summarium); no 88828
an	ADV	lila:88829	an 'si (acaso)': pregunta indirecta (Summarium); no 88828
uenio	VERB	lila:129790	venio 'venir' (7 sentidos en LWN); 84481 sin sentidos
