estado	lema	upos	asignado	candidatos	n	paginas
ambiguo	deus	NOUN		lila:47152 noun; lila:99132 noun	5	pg_63_39_izq
ambiguo	latitudo	NOUN		lila:110033 noun; lila:110058 noun	4	pg_63_39_izq
ambiguo	attendo	VERB		lila:90532 verb; lila:32936 verb	2	pg_63_39_izq
ambiguo	attingo	VERB		lila:90596 verb; lila:90555 verb	1	pg_63_39_izq
ambiguo	comparatio	NOUN		lila:95259 noun; lila:97428 noun	1	pg_63_39_izq
pos_distinta	arithmetica	ADJ		lila:89991 noun (variante); lila:89993 noun	2	pg_63_39_izq
pos_distinta	caelum	VERB		lila:92231 noun; lila:1902 proper_noun; lila:97622 noun	2	pg_63_39_izq
pos_distinta	solus	ADV		lila:125109 determiner	2	pg_63_39_izq
pos_distinta	Molina	PROPN		lila:66086 noun	1	pg_63_39_izq
pos_distinta	Quintus	PROPN		lila:121102 adjective; lila:74825 noun	1	pg_63_39_izq
pos_distinta	Rebellus	PROPN		lila:75385 noun	1	pg_63_39_izq
pos_distinta	accidens	VERB		lilah:332 adjective (variante); lilah:334 adjective; lila:135844 noun	1	pg_63_39_izq
pos_distinta	alius	ADV		lila:88481 determiner	1	pg_63_39_izq
pos_distinta	angelus	ADJ		lila:17805 proper_noun; lila:89018 noun	1	pg_63_39_izq
pos_distinta	autem	PART		lila:90828 coordinating_conjunction	1	pg_63_39_izq
pos_distinta	contraho	NOUN		lila:96338 verb	1	pg_63_39_izq
pos_distinta	g	ADV		lila:105012 noun; lila:7635 proper_noun	1	pg_63_39_izq
pos_distinta	grannus	NOUN		lila:8354 proper_noun	1	pg_63_39_izq
pos_distinta	ius	ADV		lila:109285 noun; lila:109252 noun	1	pg_63_39_izq
pos_distinta	occidentalis	VERB		lila:114581 adjective	1	pg_63_39_izq
pos_distinta	u	INTJ		lila:130986 noun; lila:24341 proper_noun	1	pg_63_39_izq
pos_distinta	unus	NUM		lila:85636 determiner	1	pg_63_39_izq
pos_alternativo	ergo	ADV	lila:101415	lila:101415 particle	2	pg_63_39_izq
pos_alternativo	is	PRON	lila:109083	lila:109083 determiner	2	pg_63_39_izq
pos_alternativo	non	PART	lila:114108	lila:114108 adverb	1	pg_63_39_izq
pos_alternativo	num	PART	lila:113791	lila:113791 adverb	1	pg_63_39_izq
pos_alternativo	quidem	PART	lila:121168	lila:121168 adverb	1	pg_63_39_izq
no_encontrado	Salas	PROPN			2	pg_63_39_izq
no_encontrado	conclus	NOUN			2	pg_63_39_izq
no_encontrado	diseut	ADJ			2	pg_63_39_izq
no_encontrado	interse	VERB			2	pg_63_39_izq
no_encontrado	Conradus	PROPN			1	pg_63_39_izq
no_encontrado	Salon	PROPN			1	pg_63_39_izq
no_encontrado	comprehendents	VERB			1	pg_63_39_izq
no_encontrado	culium	NOUN			1	pg_63_39_izq
no_encontrado	emption	NOUN			1	pg_63_39_izq
no_encontrado	empyreo	VERB			1	pg_63_39_izq
no_encontrado	prerium	NOUN			1	pg_63_39_izq
