linea	forma	lema	upos	estado	asignado	candidatos
1	diligat	diligo	VERB	ambiguo		lila:99463 verb; lila:47413 verb
2	diligendum	diligo	VERB	ambiguo		lila:99463 verb; lila:47413 verb
2	Ecce	ecce	INTJ	pos_distinta		lila:100515 adverb
3	probatissimam	probo	ADJ	pos_distinta		lila:119564 verb
3	regulam	regula	NOUN	ambiguo		lila:121686 noun; lila:121689 noun
5	colas	colo	VERB	ambiguo		lila:94915 verb; lila:94916 verb
8	dum	dum	SCONJ	pos_alternativo	lila:100236	lila:100236 adverb
10	enim	enim	PART	pos_alternativo	lila:101119	lila:101119 adverb
13	adaequalitatem	adaequalitas	NOUN	no_encontrado		
24	Aragon	Aragon	PROPN	no_encontrado		
24	Bannes	Bannes	PROPN	no_encontrado		
25	Salon	Salon	PROPN	no_encontrado		
26	Sylvester	Sylvester	PROPN	pos_distinta		lila:124804 adjective (variante)
27	Codex Iustinianus	Codex	PROPN	pos_distinta		lila:93188 noun (variante)
27	Conrad	Conrad	PROPN	no_encontrado		
27	Medina	Medina	PROPN	no_encontrado		
28	contractibus	contraho	NOUN	pos_distinta		lila:96338 verb
29	Navarrus	Navarrus	PROPN	no_encontrado		
29	Navarrus	Navarrus	PROPN	no_encontrado		
30	Molina	Molina	PROPN	pos_distinta		lila:66086 noun
31	Salas	Salas	PROPN	no_encontrado		
31	contractibus	contraho	NOUN	pos_distinta		lila:96338 verb
32	Reginald	Reginald	PROPN	no_encontrado		
33	Sotus	Sotus	PROPN	pos_distinta		lila:81424 noun
34	Bonacina	Bonacina	PROPN	no_encontrado		
34	Gabriel	Gabriel	PROPN	ambiguo		lila:7670 proper_noun; lila:7671 proper_noun
35	Covarrubias	Covarrubias	PROPN	no_encontrado		
35	disput	disput	VERB	no_encontrado		
37	Lessius	Lessius	PROPN	no_encontrado		
38	Filliucius	Filliucius	PROPN	no_encontrado		
39	Azorius	Azorius	PROPN	no_encontrado		
39	Faustus	Faustus	PROPN	pos_distinta		lila:103026 adjective
40	Nam	nam	PART	pos_alternativo	lila:113344	lila:113344 adverb
41	expressè	expresse	VERB	pos_distinta		lilah:111619 adverb
42	quo	quis	ADV	pos_distinta		lila:121165 pronoun
43	republica	respublica	NOUN	ambiguo		lila:76484 noun; lila:122962 noun
43	vendi	uo	VERB	pos_distinta		lila:84136 noun (variante)
44	aliquarum	aliqui	DET	pos_alternativo	lila:91087	lila:91087 pronoun
44	non	non	PART	pos_alternativo	lila:114108	lila:114108 adverb
44	vsuvenditio	usuuenditio	NOUN	no_encontrado		
45	idest	idest	ADV	pos_alternativo	lila:131339	lila:131339 particle
46	quo	quis	ADV	pos_distinta		lila:121165 pronoun
46	venditor	uendo	NOUN	pos_distinta		lila:129757 verb
48	lreip	lreip	VERB	no_encontrado		
50	reipublicae	respublica	NOUN	ambiguo		lila:76484 noun; lila:122962 noun
51	quo	quis	ADV	pos_distinta		lila:121165 pronoun
54	Salon	Salon	PROPN	no_encontrado		
54	expressè	expresse	VERB	pos_distinta		lilah:111619 adverb
55	controuers	controuero	VERB	no_encontrado		
57	reipublicae	respublica	NOUN	ambiguo		lila:76484 noun; lila:122962 noun
58	magistratuum	magistratus	NOUN	ambiguo		lila:111281 noun; lila:111283 noun
58	potestatem	potestas	NOUN	ambiguo		lila:168881 noun; lila:118652 noun
60	con	con	INTJ	pos_distinta		lila:97201 adposition (variante); lila:97202 subordinating_conjunction (variante)
