pers_id	nombres	fechas_header	elegido	candidatos	nota
pers_Aristoteles	Aristoteles / Ἀριστοτέλης	-384–-322	Q868	Q868 Aristóteles (-384–-322) 4pt — filósofo griego | Q113030456 Aristoteles Kyriakis (?–?) 0pt — researcher | Q667717 Aristóteles (-460–-402) 0pt — Athenian oligarch, member of the Thirty Tyrants | Q11906543 Aristoteles (?–?) 0pt — author of a lost work on the Iliad	
pers_ThomasAquinas	Thomas Aquinas	1225–1274	Q9438	Q9438 Tomás de Aquino (1225–1274) 4pt — fraile dominico, filósofo y teólogo italiano (1225–1274), do | Q2422049 Thomas Aquinas Lephonse (1953–?) 0pt — Indian priest | Q85729011 Thomas Aquinas Goggin (1911–2001) 0pt —  | Q7787111 Thomas Aquinas Higgins (1932–2018) 0pt — United States federal judge (1932-2018)	
pers_Caietanus	Thomas de Vio Caietanus	1469–1534	Q435853	Q435853 Tomás Cayetano (1469–1534) 4pt — cardenal y teologo dominico | Q379914 Cayetano de Thiene (1480–1547) 0pt — santo italiano (1480–1547) | Q131866861 Mathias Caietanus Schmid (1757–1809) 0pt —  | Q99530435 Joannes Baptista Franciscus Caietanus Boutillier (1777–1818) 0pt — 	
pers_Bannes	Dominicus Báñez	1528–1604	Q934185	Q934185 Domingo Báñez (1528–1604) 4pt — fraile dominico, filósofo y teólogo español | Q453730 Fátima Báñez (1967–?) 0pt — política, economista y jurista española | Q15973352 Gabriel Báñez (1951–2009) 0pt — escritor argentino | Q84559381 García Báñez de Mújica (?–?) 0pt — p.m. s. XV - c. 1519	
pers_Aragon	Petrus de Aragón	1545–1592	Q84512849	Q84512849 Pedro de Aragón (1544–1592) 4pt — teólogo y filósofo agustino (1545/1546-1592) | Q379748 Pedro I de Aragón y Pamplona (1068–1104) 0pt — Rey de Aragón (1094-1104) | Q312311 Pedro III de Aragón (1239–1285) 0pt — rey de Aragón (1276-1285) | Q336823 Pedro IV de Aragón (1319–1387) 0pt — rey de Aragón (1336-1387)	
pers_Rebellus	Fernandus Rebellus / Fernão Rebelo	1546–1608		Q97621305 Tony Rebelo (1959–?) 0pt — científico conocido por su trabajo en la restauración de Cap | Q6756617 Marcelo Rebelo de Sousa (1948–?) 0pt — 20.° Presidente de la República Portuguesa | Q16193358 Sergio Rebelo (1959–?) 0pt — economista portugués | Q37834913 Luís Paulo Rebelo (?–?) 0pt — investigador portugués	sin coincidencia de fechas: revisar
pers_Salon	Michael Bartholomaeus Salón	1539–1621	Q56000080	Q56000080 Miguel Bartolomé Salón (1539–1621) 4pt — 1539-1621 | Q98068903 Enith Salón Marcuello (2001–?) 0pt — futbolista española | Q14089779 Juan José Salón Arozarena (?–?) 0pt — político de España | Q55950388 Marcos Salón de Paz (?–?) 0pt — Salón de Paz, Marcos	
pers_Valentia	Gregorius de Valencia	1549–1603	Q5573121	Q5573121 Gregorio de Valencia (1549–1603) 4pt — teólogo | Q552986 Jorge de Austria (1504–1557) 0pt — arzobispo de Valencia y príncipe-obispo de Lieja | Q16335154 Alfonso Valencia (1959–?) 0pt — biólogo español | Q33697140 Juan I. Valencia (1913–?) 0pt — Argentine plant scientist	
pers_Antoninus	Antoninus Florentinus	1389–1459	Q773822	Q773822 Antonino de Florencia (1389–1459) 4pt — arzobispo católico | Q20000554 Florentinus (405–505) 0pt — Latin poet, writer of hexameters for Thrasamund | Q20156047 Florentinus (500–?) 0pt — Roman writer about agriculture | Q3746709 Florentinus (?–?) 0pt — Roman civil servant	
pers_Prierias	Sylvester Mazzolinus Prieranus / Silvestro Mazzolini	1456–1523	Q430685	Q430685 Silvestro Mazzolini (1456–1523) 4pt — teólogo dominico italiano (1456-1523), maestro de Sacra Teol | Q1351631 Ludovico Mazzolino (1480–1528) 0pt — pintor italiano del Renacimiento | Q361329 Paul Mazzolini (1960–?) 0pt — cantante italiano | Q3501945 Stéphane Mazzolini (1966–?) 0pt — futbolista francés	
pers_Medina	Ioannes de Medina / Juan de Medina	1490–1546	Q6301292	Q6301292 Juan de Medina (1490–1547) 4pt — teólogo español (1490-1547) | Q5953421 Juan de Robles (1492–1572) 2pt — (1492-1572) | Q232517 Medina (1982–?) 0pt — músico danesa | Q6220586 John Baptist Medina (1659–1710) 0pt — pintor neerlandés	
pers_Summenhart	Conradus Summenhart	1455–1502	Q1371865	Q1371865 Conrad Summenhart (1455–1502) 4pt — teólogo alemán	
pers_Navarrus	Martinus de Azpilcueta / Doctor Navarrus	1492–1586	Q1340260	Q1340260 Martín de Azpilicueta (1492–1586) 4pt — intelectual y teólogo navarro | Q84519640 Manuel de Azpilcueta y de Iriarte (1703–1778) 0pt — 25.XII.1703 ant. - 19.VI.1778 | Q10312434 João de Azpilcueta Navarro (1520–1557) 0pt — Misionero jesuita | Q3187576 Juan Bautista de Orendáin (1683–1731) 0pt — político español	
pers_Molina	Ludovicus de Molina	1535–1600	Q436077	Q436077 Luis de Molina (1535–1600) 4pt — sacerdote jesuita español, teólogo y jurista | Q703250 Luis de Morales (1509–1586) 0pt — artista español | Q55068526 Juan Ignacio Molina (1740–1829) 0pt — jesuita, naturalista, historiador, botánico y geógrafo chile | Q19045 Mario Molina (1943–2020) 0pt — ingeniero químico mexicano	
pers_Salas	Ioannes de Salas	1553–1612	Q41617988	Q41617988 Juan de Salas (1553–1612) 4pt — Spanish jurist (1553-1612) | Q1637473 John Silk (1956–?) 0pt — político marshalés | Q3320231 Margarita Salas (1938–2019) 0pt — bioquímica española | Q59603761 Miguel F. de Salas (1975–?) 0pt — botanist (1975 - )	
pers_Toletus	Franciscus Toletus	1533–1596	Q1379453	Q1379453 Francisco de Toledo Herrera (1532–1596) 4pt — religioso jesuita, teólogo y diplomático español | Q186805 Francisco de Toledo (1515–1582) 0pt — quinto virrey del Virreinato del Perú | Q6701174 Luis Tribaldos de Toledo (1558–1634) 0pt — humanista, geógrafo e historiador español	
pers_Reginaldus	Valerius Reginaldus	1545–1623	Q7912868	Q7912868 Valère Regnault (1543–1623) 4pt — teólogo francés | Q113802250 Reginaldus Donteclock (1545–1611) 2pt — 1545--1611; Donteclock, Reginaldus; Donteclock, Regnerus; Do | Q8017500 William Reynolds (1544–1594) 2pt — English Roman Catholic theologian and Biblical scholar | Q1172952 Reginaldus Libert (1401–1401) 0pt — compositor francés	
pers_Soto	Dominicus de Soto	1494–1560	Q1237514	Q1237514 Domingo de Soto (1494–1560) 4pt — Teólogo, jurista y científico | Q519367 Jesús Rafael Soto (1923–2005) 0pt — artista venezolano | Q717658 Jesús Huerta de Soto (1956–?) 0pt — economista y abogado español | Q81131 Talisa Soto (1967–?) 0pt — actriz estadounidense	
pers_Biel	Gabriel Biel	1425–1495	Q61369	Q61369 Gabriel Biel (1418–1495) 2pt — sacerdote católico de Alemania | Q16234465 Biel Company (1992–?) 0pt — futbolista español | Q16241489 Gabriel Éliès (1910–1978) 0pt — French priest, writer and druid | Q23803537 Biel (1995–?) 0pt — cantante brasileño	sin coincidencia de fechas: revisar
pers_Bonacina	Martinus Bonacina / Martino Bonacina	1585–1631	Q23806331	Q23806331 Martino Bonacina (1585–1631) 4pt — obispo italiano | Q1448449 Valter Bonacina (1964–?) 0pt — futbolista italiano | Q931800 Céline Bonacina (1975–?) 0pt — saxofonista francesa | Q110134222 Marcus Eugenius Bonacina (1570–1621) 0pt — 1570-20.3.1621	
pers_Covarrubias	Didacus de Covarrubias y Leyva	1512–1577	Q1220593	Q1220593 Diego de Covarrubias y Leyva (1512–1577) 4pt — obispo, teólogo y jurista español (1512-1577) | Q640546 Danell Leyva (1991–?) 0pt — Gimnasta estadounidense | Q535092 Pío Leyva (1917–2006) 0pt — músico cubano | Q5511411 Fátima Leyva (1980–?) 0pt — futbolista mexicana	
pers_Manuel	Emmanuel Rodrigues / Manuel Rodrigues	1553–1613	Q110226630	Q110226630 Manuel Rodrigues (1545–1613) 2pt — 1545-1613 | Q96937980 Emmanuel Henrique Souza Rodrigues (?–?) 0pt — researcher | Q106915221 Manuel Rodrigues de Almeida (?–1702) 0pt — Portuguese bookseller | Q954614 Rico Rodriguez (1934–2015) 0pt — músico jamaicano	sin coincidencia de fechas: revisar
pers_Lessius	Leonardus Lessius	1554–1623	Q1367280	Q1367280 Leonardo Lesio (1554–1623) 4pt — Lenaert Leys, Flemish moral theologian from the Jesuit order | Q16005401 Maria Aerts Derkinderen (?–?) 0pt — mother of Leonardus Lessius | Q16005404 Lenaert Leys (?–?) 0pt — father of Leonardus Lessius | Q136175190 Caspar Lessius (1603–1675) 0pt — cleric resided in Livonia (1603-1675)	
pers_Filliucci	Vincentius Filliucius	1566–1622	Q7932231	Q7932231 Vincenzo Filliucci (1566–1622) 4pt — jesuita y teólogo católico italiano | Q3742149 Felice Figliucci (1518–1595) 0pt — teólogo italiano	
pers_Faustus_inc	S. Faustus				identidad no establecida
pers_Azor	Ioannes Azorius	1535–1603	Q3810776	Q3810776 Juan Azor (1535–1603) 4pt — filósofo español	
pers_Augustinus	Aurelius Augustinus Hipponensis	354–430	Q8018	Q8018 Agustín de Hipona (354–430) 4pt — filósofo, teólogo y obispo romano | Q123847991 shën Augustinus Hipponensis (?–?) 0pt — author | Q108308379 Heraclius of Hippo (?–?) 0pt — bishop of Hippo | Q11934508 Macrobius (?–?) 0pt — 4th century Donatist bishop	
pers_Scotus	Ioannes Duns Scotus	1265–1308	Q190089	Q190089 Juan Duns Scoto (1265–1308) 4pt — franciscano, teólogo, profesor, filósofo y beato escocés | Q184500 Juan Escoto Eriúgena (800–877) 0pt — teólogo irlandés | Q1388231 Marianus Scotus (1028–1082) 0pt — Irish monk and chronicler | Q6257125 John Scotus (1101–1203) 0pt — obispo católico	
pers_Maior	Ioannes Maior / John Mair	1467–1550	Q579194	Q579194 John Mair (1467–1550) 4pt — Scottish philosopher | Q102338 Johann Major (1533–1600) 0pt — German author, poet and theologian, owner/creator of the alb | Q172916 Juan XXI (1215–1277) 0pt — 187.º papa de la Iglesia católica | Q989 Juan Pablo II (1920–2005) 0pt — 264.º papa de la Iglesia católica	
